"account","activities","low","calculated","start","end"
"GBX4DFPMLHWVTNIUXSVXTYGUFEDXGOELMAQEB62ME4V3XCE3SSYQTBM7","10","495852727.8881015","495852727.8881015","496873561.2214348","495852727.8881015"
"GABRX5TXYADKB3N6E4GYCE2HGJBSNK7DBKV43RGJUD2DXBMJ3R2G7YLE","6","424717000.0000303","424717000.0000303","449777000.0000303","424717000.0000303"
"GB6RCQJSOV5KRXFHOTSFEWQWPDDF6HK5EM6OQ6BEKD6LMWU6EDAJ52OW","22","4221929.5717511","4221929.5717511","5890751.4590338","5237356.5742062"
"GCMOMUPDMCTQ3WA4ALUTHGP5P73XKYUHWKNXYMXEWKN2PSIAXINU4JTN","10","4759532.0000024","5729532.0000024","4854532.0000024","5729532.0000024"
"GA7DHMQG3KWNMZA2HHR6BYMUG4QR2DR5BBH6NHR2PNVYGXYFCJQK2IP2","12","4101750","4101750","4366750","4101750"
"GDM5QJEPCNE5JU56RGVZY2MUZKHNIXRRYDYLVTXPUSU6ZCXWCETCXYJR","7","2224980","2224980","2314990","2224980"
"GAIINVN72YIXE5H5LLIGY22HYG3GHR2S5MAMG7OTUBPIHQB2RLP4WC5H","77","120000.282315","120000.282315","746679.8003338","120000.282315"
"GCXV3BDZYI3DODQZME737RW2GGKZZC4SWHXTG3PVU6BAHWNNSKZRIS3J","1","714890.7639465","729890.7639465","714890.7639465","729890.7639465"
"GBG4SQR2RBQUY646HEDZ7XJFKG4FZTCM5EKDPHXEZNTK2FY47K7MFSQ3","2","463552.163344","493552.163344","463552.163344","493552.163344"
"GDDLPMYPXX57KOTFPWD2QRQWCIXUBW7MGT2B36U2RWPKSQWZ65C6KRIS","17","101000.8979562","101000.8979562","407001.3073361","101000.8979562"
"GC2ILNJKC2OYCURIS3LK2IPNKLYZQBYXDO7MPGJO3Q5UHS3EBKSMJPEG","0","400000","400000","400000","400000"
"GCC5O2VLZSIZTF3D33DTZEJ32JMPCHWTLK6HFX2ZNMGAZJP3VRQU3PWQ","0","352656.714178","352656.714178","352656.714178","352656.714178"
"GAKZUU37GYKLS667XXC7CVY2CIYFDTEPTUPX6GUJGWXTWYBED2Y3HHTN","7","313058.7152359","373043.7152359","313058.7152359","373043.7152359"
"GBVJGHBW6HET6DSCMG2SM7HRBCBOTBPD7BGXS2HJT76AKITY7SZDL77H","14","20005.0000024","20005.0000024","275005","20005.0000024"
"GBDB7XZUU4Y7Q4HBOS5Z4UWARA547ZNQZV7DK4INBRYI5IUBLWFIQEQQ","3","269828.9475614","300953.4539895","269828.9475614","294496.3568953"
"GA6RBPN6EQXFYSRRPDVAFAH576A33YF7YPHTR6KVLPC7QZBU6VUL3C2N","1","155893.4649088","155893.4649088","240151.3037439","81617.678185"
"GCFCQSOZAOAWIFNYMAOJMCSDUEQPH5HX3C4X7JMUAZNDMIES7POPL6GL","0","222000","222000","222000","222000"
"GD6XKMDUGAETUML334JBZQAS5O3RYXTHJHHIZ4DC4H2AAL2VEMRDH5LN","8","107854.8528609","203522.25402","197854.8528609","203522.25402"
"GD6ESFTN3Q62K4LICDQJQ4XRSBU65XCT43YSKTSDFUPNTDEIPENTDL6I","2","190000","220000","190000","220000"
"GDYIGHBPIYA3PZDEFKR3NTSAB5IROENI3KCZRIOCA4XMRMGSB7R23FJL","0","189653.9007942","189653.9007942","189653.9007942","189653.9007942"
"GASS4FA63QASQZY6TYXE2EVIBAEXR74FPMXUHGZ3XNRK7FTAISCKB3B4","26","100713.86","100713.86","166879.86","100713.86"
"GCE2JTQEAUQZINDTCWL522TWSSN7KMH2B7UUEV65MVOWRIMXBAVZQSZZ","1834","142305.1799996","142305.1799996","165654.98","142305.1799996"
"GAFLAVKBDXFQNWIS76AO44VTDJ2DFEDBHVHLBAFQB4LF7JQPXXUSPKJV","0","144604.873164","144604.873164","144604.873164","144604.873164"
"GCUZLF77KZDZTKL3ZO4CHLEKRSYQNZF6O2PDPES6YQNNBSUNJFRAGGED","1","115681.4788512","130681.4788512","115681.4788512","146215.1593098"
"GDE3SGV5D2Y7G4ZDQSNSARF2ZWSRW3CAZLHY5YZZ64KQNZRER2TMLDR6","0","111683.4554009","111683.4554009","111683.4554009","111683.4554009"
"GANEWUMQ5MR72JYFTCBMZLE45AGWBMS2LFSENGWNRUEAAJ7PYDLG7J4G","1","107500","122500","107500","122500"
"GA7W3SFEZ6BSBW3JDUA5622X7EDJF2PZQQTWZVDKF4HF47CRVH6UCDAV","2","104303","104303","106289","104303"
"GDCBV5SJ23Y7KNIH4LWDWMGZ7YJLP5TYQHC3YRP2GA2J76OMKCMGII4B","0","104764.8669893","104764.8669893","104764.8669893","104764.8669893"
"GAEN5BB7WT3WA46FIKP3JUK45C245RNGI3AP3QKRAV7P424QG2MSYBGH","0","103184.8647555","103184.8647555","103184.8647555","103184.8647555"
"GALGKXOO35MTL3K5QOVP6LFDDWNPOU4C4YO6OHJJ7GNKDLVGR65EBNQF","0","102406.0109944","102406.0109944","102406.0109944","102406.0109944"
"GDE5KFDFJMRIRZFFFXNEGMYBA4BX33IKKWGX77LHC3CDYQSY77FALR5X","1","101184.3599011","102496.7948204","101184.3599011","102496.7948204"
"GARYFLFUDVGDN4WBPCUZXCO4S672XKXZ3AAEDIB7ZLQ4O2QA5AA3UDUN","1","101000","108527.3704953","101000","101027.3928836"
"GCLLKFIALGA3QLFVXU2RWLCKGIFJFQXVZR4UNMYURA2LUQMRWE6NH3YN","0","100961.0564396","100961.0564396","100961.0564396","100961.0564396"
"GDFY2Q6EWQCDKROUPIYDBRUYKZEYEQCFJQVQ5TBHCF2NRHV7Q2ZEMBJB","1","100668.3949627","101168.3949627","100668.3949627","101168.3949627"
"GBZQCPHI62UGEFJN677UFX4C5DKZDZPLQZT6C7IJH5N6PWGKLT5P4J2E","0","100081.5135588","100081.5135588","100081.5135588","100081.5135588"
"GB3DSBKEYC46TQOV4DQOESR6PNTX27UWPKX3PHHAE2O6EX46TLSO4FED","0","100047.2929986","100047.2929986","100047.2929986","100047.2929986"
"GCU5BE7MEKSLWO6MDFRWIHY7BGDJ7IHAJPGJ5PZO534Y3DW2GFIMX4CS","0","100043.5801914","100043.5801914","100043.5801914","100043.5801914"
"GACI727MHZHUWCFIX6NMFTBBN7TSWQS27H7KM4XPP6OOMF77LXG5AZZG","30","100002.4009314","100002.4009314","100002.4009314","106756.2818371"
"GBTQX3Y3K2UGYTWR4B2HWTHDDLLTMKBURP56WLWC3QOYNJEAUBAO6K6C","5","100001","100001","100001","100001"
"GAMBFDFV6EFZ75KHTCVFYXN5VA5X7L5BZLFCYMUHDGPAQ3NJL3KQFGZI","0","100000.0000048","100000.0000048","100000.0000048","100000.0000048"
"GCAGYMIQOCNCOYPHRMACMLC6UZDRDKY74HGRZL4UDFWEWFPWGCC7RBUH","0","100000.0000035","100000.0000035","100000.0000035","160000.0000035"
"GBUNFHB6IQI35WGCL7PPXIEPYRQ2ZOG22VN7S424LUIFPZ3NF33YM2N2","0","100000","100000","100000","100000"
"GCAYICZBEIGVS7I4UKQCBPQSW6MWGAK6VRVKEGMCU7AVIHHISWWAR45X","0","78331.107144","78331.107144","78331.107144","78331.107144"
"GAFGNN4MUPP5TBRMQCRD54Z5AHJKS3P5435JVDLDJXSPXXOZ2PPWBOFW","2","65000","80010","65000","80010"
"GBCWAC4YXKD76MG7TKUIIKQ6E54JEWBTZV22NOLLRKAP72PZXSZ4JJZN","0","60001","60001","60001","60001"
"GA3EIZS33VBEEOZBT4FKBCFXTHY2KSJWXT3SG4GHWNDB4COBH7JN3T35","7","50627.7176612","150627.7176612","53453.0546659","104189.7155295"
"GCFIZTA4TZ7TI3RIONACTKK3XO3CL76AG2DFLTDQBFKGDP4DTTKCEKUN","0","50760.19","50760.19","50760.19","50760.19"
"GDJCUFV5SAZUW2EYDGENXMCV74T2HPXU72EQTMWZK5TPXA2HQ2336OJ6","0","50022.0100005","50022.0100005","50022.0100005","50022.0100005"
"GB64GQA6JT7ONV4BRQEMXAWBOQ3LP5DX33YWERYMMP7Y5XNLATP74JM2","0","45000","45000","45000","45000"
"GABS63HY2FUNN5MJI3FBWO3TE5RENIYZVG6P7PHMQD34HXZ6PGIPNKWN","1","44000","59000","44000","59000"
"GAVC5ZKYNC2WIPL52RPKGWF7JLBHRJKJG2JIQL5YEAZ2O5N3GANLFIPN","0","42190.2509149","42190.2509149","42190.2509149","175305.3347225"
"GBRM7XXSX6YHW4MZ6JCHBTII2ZZL5VXLNEK3T4GE6MPN2WMVT2DUI6FU","0","40512.2884514","40512.2884514","40512.2884514","40512.2884514"
"GBALFN22CPD6WGWHV5XXLN2ZHJH7Z3KQ5J5UOM7O35LHG4723JNDRSVZ","0","40099.9999975","40099.9999975","40099.9999975","40099.9999975"
"GCASVG5QMAWR5EQHHFFUQ22CZCGGIDQ3BNFJFN6EUCI5YYZ6LZ2PBGL6","0","39501.8075461","39501.8075461","39501.8075461","39501.8075461"
"GBDQ2HBMW473V4W3RGYABC67DLZMBYFCGWJFGXUBHFZ7DBHJEX5AJIHK","0","35692.5510247","35692.5510247","35692.5510247","35692.5510247"
"GDFB7Z6JDFEE6V6HHLQEUVIVCJIW6DVT7Q6RRNJNVPGOI7POXHUM6UIG","1","10000","10000","35000","10000"
"GCVQV7O52H3MR663CEGSS7MRIZN33H5T4XZK6FT3B3EJZDDPXLBV3VYJ","0","34640.1588274","34640.1588274","34640.1588274","34640.1588274"
"GDPZIBZSIDWFXKJ7GPN6C5JBSGJ7ZET7ROCVD3PSHW2AXCIYCBB2YNH4","0","32012.2300038","32012.2300038","32012.2300038","50512.2300064"
"GAE5OSS43AJYKB5JONAPGIFXLJKTVOHWGHL5RUMZXKHVI6ZMD4VSWPRE","0","31000","31000","31000","31000"
"GDLMA2MBXXZSTWMIMKHWKLQAVN72AJEMQDBOEU7QZ25XKLKMXCQW4NXR","0","30806.7473266","30806.7473266","30806.7473266","30806.7473266"
"GD25BW4XCONGQWYLSOO4PGMRBX5MP747QHQV3JYW56FNJ4RDPPVQFGWT","9","30164.3032589","85164.303259","30164.3032589","101164.303258"
"GDTJIEXBS6HCYF4N5TF4YNWNWDYACSKBXXZBEFJUXCJMKJCMEDUIT63U","0","30000.7839615","30000.7839615","30000.7839615","30000.7839615"
"GBFKWMDXNWO4D5X7FYSN3DPRPSZE5N5GDQ3YLDGULTECXF5FRLQHUOG7","0","30000.0000013","30000.0000013","30000.0000013","278539.9999701"
"GBWU62SCNDPQLBOLPFUAQ2G67XT77XDW2XETU2SVOIEHDUJNCSVBTJZP","0","27062.4636256","27062.4636256","27062.4636256","27062.4636256"
"GBH42N7IA4RTOBRPZW3ZTDBGU4I7Z6BFF4A74ZR4OR3IUMXGTTQKGPDB","0","25571.8275743","25571.8275743","25571.8275743","25571.8275743"
"GBXJVNKTOIOKZUMU4Y7YOEYWZFSTQKZPWURYS7JGERR7IW5LGBWSGQTX","0","25415.8654765","25415.8654765","25415.8654765","25415.8654765"
"GCH6D4JOCPKSUHKTDSBTOT3BE5UDZ4V4RCVGOVBKY2TUQO26SGUMTPXG","0","25037.6125639","25037.6125639","25037.6125639","25037.6125639"
"GAM5CDMZ2GI6CFB7W6V6GZCNRFNM7OHGFYFJ3D4AJBRWZZVFRF3HF6Y4","1","25000.0000159","40000.0000159","25000.0000159","33296.5553677"
"GBZJK3ZPWNKB4QUJPL7ZR5ZN3ZXG7WNSSP53MDK5FD5SOIN525SR7LRQ","0","24652.8690274","24652.8690274","24652.8690274","24652.8690274"
"GBKIV6K6IK2ZWPXKGY7BCCPRDK27G3OUZ4UVXDVXII3XUQLQWSOGJODX","0","24097.6199714","24097.6199714","24097.6199714","24097.6199714"
"GAKWQCMSQCQFL5XAJR4434YHEVDZD54JWCTRFS2TESRC7WXJJUFUFCS7","0","22000","22000","22000","22000"
"GC22GUDYIYYD6OOPPJM33XIM5ZOV4EOH5IAGIH4JRBWDYA54S2XQWQWF","0","21044.8724974","21044.8724974","21044.8724974","21044.8724974"
"GAN35V5CGHN6Z3ZISUXVFEFOU3DW46DLMSWEI5IS7NMNDK3CBJSSDI5X","0","21000","21000","21000","21000"
"GBREGONHNMN47P4SX3S6ZWRUKAOY4BYO752WF5WHCHMU33IN3ZVOGFR6","0","21000","21000","21000","21000"
"GBQDU7K73P2AIVDZ7J2NPMO5A7EESLFVJX3KQTQDYFYPFAXGCK6NPHVX","0","20854.5609228","20854.5609228","20854.5609228","20854.5609228"
"GDILZG2PFQ43T6AZ5ZJA33BAASH3IR5BQTZHNJGT2MC2R3PUS5WYFFRC","0","20450","20450","20450","20450"
"GCKECE246JNEW2SPKJORF5FHCYZRS6GJNVXU7JMGAYB2VIYIRHXAFA23","0","20160.3874877","20160.3874877","20160.3874877","20160.3874877"
"GCE3N47Z33SR6JCOZYSB6JG3ZBREUEE75N5WZVIZE74FVTJYY5VH42A2","0","20100.9999904","20100.9999904","20100.9999904","48446.6332596"
"GA5NNZJESKKMUV4GJFK73HCR4HCRIWZNNJV4T43DQQV2QCPHP2T25YSZ","0","20020.000003","20020.000003","20020.000003","20020.000003"
"GDQUF5QBPUFJEW3FRZQ5CAJY5CMUSOTOGAVB7ZR7SZ26H7F6B5JQ2SSK","0","20014.60003","20014.60003","20014.60003","20014.60003"
"GDDDFA6R3YGCREGBFJDZXZZYIPONICY2P7TMYOCGXZMJHIPN3M6UTNTZ","0","20000","20000","20000","20000"
"GCXY377Y3FZ246OMLG6YMLJABCM4SWZ4FSOCOL3D6JYTLHRQIOT6AM7C","0","20000","20000","20000","20000"
"GAR2EAFHDVBTI2KS7JTGKUSNRL4Z553UYAZIZWPUDPMKVEPZX6HN33NU","0","19895.7400078","19895.7400078","19895.7400078","104895.7400078"
"GCLDBBVWHW6WYU5KIWHUT2SPJ4GC2EGF5FHSPT4C27XK2G72VICU4A7U","1","19115.7074019","19615.7074019","19115.7074019","19615.7074019"
"GBUZSEIZWWXA6ETU5Y23P2LVNEDJ24SLRJRMBFHKUHRCKM6EYN2GVCKO","3","10341.4381231","10341.4381231","18341.4381231","10341.4381231"
"GASTOSPEZM272FHQ3SZFMJMTCGFOTCTF5EX35OU5BXOS7G6OG5LQQOBZ","0","17000.0000001","17000.0000001","17000.0000001","52000.0000029"
"GA5VA5XRUDBEFHZW4F5PAAUZ6ENQF6ZVNSXTV5GKBY3SZBAAZS5G2ZPJ","0","16999.9999995","16999.9999995","16999.9999995","16999.9999995"
"GC4UYXSSW4LWVZ5MR5M6HQNXHNG3XJGCIEEUQHIYYORPYNVZ4Z6JOT5P","0","16791.8857374","16791.8857374","16791.8857374","10101.0017727"
"GBXSKVCDTJL2O6HRJ27JLY4FYEJJXZSAJDKF3TTC4LQGKGITHUS722FD","0","16683.0232607","16683.0232607","16683.0232607","105366.0234085"
"GCGIOEKJXUVXHQFR7FSYNNZFFGUBALES225V7LGQ2PYDYZHIWCFI2LAT","0","16630.950023","16630.950023","16630.950023","16630.950023"
"GC4VPFJK4WCETBMMFHDSOLHRM3IB2FWZXMCOIWQK6GY24ERQVZ5X34WN","0","16000","16000","16000","16000"
"GDVMLODZLZXLYPH6D32ZF52GZLRKP27EFWASCQFSVUQ74VNT2DERQKBD","0","15107.9441632","15107.9441632","15107.9441632","15107.9441632"
"GBJ4NA5JMBCLJVJX7KVBFSX7SK5XJHY2L5LIVTTRSIOAW2G5XGHPN5EJ","0","15060.0600511","15060.0600511","15060.0600511","15060.0600511"
"GALP5WOOL43R3XFKHH7KNJ5O5G4HA2LJDMA7UB2ZP53B53UMUPC7OQV7","3","15013.7497626","19013.7497675","15013.7497626","10013.7640642"
"GAZ2BIQ76ONZVQDVDN3SD4YTYJBTF3ZBX5Y2ZCMYUINHXRMO4TLPW4FO","0","15000.7941305","15000.7941305","15000.7941305","20000.6815352"
"GDDPKEI3LYAXAMUVRLGEUZLEYJQGX5MUOO5UUKSNEP5SQPH6XMUA5L2R","1","15000","30000","15000","30000"
"GALHG4IPRMFBYGTGJNBZNUT5R5KYC4PEV4QKFHEIDBBBEXFVW6R4JPEG","0","14048.6794083","14048.6794083","14048.6794083","32594.6079619"
"GCZ3KKC76EOCPEOXADRHBSFU7PZPNPPAFSID7WPZKWHNYAB3QN6H73XM","12","10014.5831077","30047.049906","13777.2540133","14047.1350552"
"GAJ2KJTZYN4ZSARHFKI5MATUIIJJXRXK2T3XONZWRCCGHN6I7IIIW623","0","13227.1407584","13227.1407584","13227.1407584","13227.1407584"
"GAG2KHV47DJL45NTISDBM6RXHBOCER44VSYI76FOXIK62IM6HUGK6UEZ","0","13154.4855455","13154.4855455","13154.4855455","13154.4855455"
"GDR52E5E4SOYZ6P5753EX34L7SW5JHTAM5T3CHD6QQSDGIZUQLDK2H43","0","13102.5993135","13102.5993135","13102.5993135","13920.7692194"
"GDEUQWHIBXZTP6GJRHOWTZ5VMTSLFKLHYNFSGAH6KUJYPKIG5ZQVB53V","0","13000","13000","13000","13000"
"GDH5QKT35G5HIL63PBJML2HHZOL44KCP5JAAQROVH6BILIYYIYT2C5V5","0","13000","13000","13000","13000"
"GCVVXX4TNAIHOIYH5RRQKA65AWWPBZTZN7D2PIVDQBYKSTWFCTJ3QCTP","0","12930.5740199","12930.5740199","12930.5740199","12930.5740199"
"GAHKI2QLHIZ4IZPBHR4YAUQ7AWA3WIBBADT3AID37UI6D7B56MKDWN3C","0","12707.6876522","12707.6876522","12707.6876522","12707.6876522"
"GC2LJAB5ALNY2CCDNVF3DXT5MNQXSVOAEQGYJAE3NXPY6EZ4GVC2S6LB","0","12697.4984507","12697.4984507","12697.4984507","12697.4984507"
"GCVA7TTB2IUWV4N5MIUHRKWATDKJFO4W45O7EK2HCW4TV7KUKM2HNLO6","0","12542.0873285","12542.0873285","12542.0873285","57532.9942562"
"GCNLDPWSG4CJVR6V7OSNKCQ7TI4S6PO4GO2J6O5JYV26NUFWBLCBWTW2","0","12530.57","12530.57","12530.57","12530.57"
"GDUS5A6LULU6TGBZXI7CWIKFXGAKQEMI6C5JFVHPVWLN3AHECDLALR54","0","12396.49","12396.49","12396.49","12396.49"
"GB363DOQSSH6MBDNQAO5G5XPEN7VMHXYUHA3A7JKUZWKQYQQNC6IUNQV","0","12369.6322194","12369.6322194","12369.6322194","12369.6322194"
"GAPFCN5OV4J75DL5HNM3VHKOVCKFSQKYDMD3HPNLODA4VYMTG5EAQPBB","0","12124.9999963","12124.9999963","12124.9999963","12124.9999963"
"GBVPXDUUZ4PAR3R6O3TFQA57EZ53OZQMPBKJS42C5KT6ZL2O5XJWOPYU","0","12016.0663162","12016.0663162","12016.0663162","12016.0663162"
"GBVEEMBKCAZNIEWUJB2CGZ3UROPG46AGSUN32HHV5CUYXAIFV2SGJAEQ","0","12000.0000199","12000.0000199","12000.0000199","37000.0000199"
"GDZO35YBP6UIH2USDJI6ZYNHYM74LQRI23MUSOS72WANICJ3VI5U2TFQ","0","12000.0000004","12000.0000004","12000.0000004","12000.0000004"
"GCIVD5DIXPAHK25UDUSEXSOSQHVW64EIPS3DHBTSJXJDGHJW3EJHOKLR","0","12000","12000","12000","12000"
"GCZBFC32VGVWW5EZUG4TUPRVIQ5WCQMOB4CRWBY5JLJRCN6DSO7KEDSL","4","11100.2081317","11100.2081317","11749.7645344","10400.2081317"
"GAFZY52FMJGJABINKWPU7Z74V5HYPKY7EPVXSGARFYH5CZ6B7667HATW","0","11650.6925264","11650.6925264","11650.6925264","11650.6925264"
"GC7FMQBQTKB36YSBYPBRYRDUXEL325LJBH2OJKE5S53SAJ6EBCSSG4IH","0","11478.7480801","11478.7480801","11478.7480801","11478.7480801"
"GC7FG4WOA6KBX4KSKWGQSU7QYN5IJCE4PG7QINQIHFUT7YD4YEJMJDEJ","2","11316.3346877","12516.3346877","11316.3346877","13000.71536"
"GDQ7PYVNKCMMOD2I4UONYZ4J5PYKKENEZVQHQ3PFAYXPGFOJOMY7S5IO","0","11266.35","11266.35","11266.35","11266.35"
"GBBUVTMIBIVW3JP5GKHJNUT7P4CQMT76ONRUOO4RI5KHF7FXQW54J6JT","0","11211.4432373","11211.4432373","11211.4432373","11211.4432373"
"GDDVPYKEA3EZKL2W5EEJC3A2DLJK3VUQ2ZTZGPTAUTY3WSZKROPIUJE4","0","11170.1160592","11170.1160592","11170.1160592","11170.1160592"
"GBNBKBQJYYXRZZMJ5FNPMJ5SNB33E3KJSUS7JJPW36QPCK3G2WL5PKI4","0","11151.8127295","11151.8127295","11151.8127295","67838.4456149"
"GD7WGZNZ7HUZLXWZXEOBYFYOTRUS53B6PV7IRMQC3OAUMFTM4MJI7VCE","0","11134.43","11134.43","11134.43","11134.43"
"GATD3Y2H5TAPFLAJG53B7NPT3MOCYCRNXMRDKNCSJ6CDDDVVNAKLUQ6W","0","11132.1152129","11132.1152129","11132.1152129","11132.1152129"
"GBHPDPCRKEX6UTIXDHGIEU3VHUVH7X22DBVTO3JOO64KTDTJF5YVYNPI","0","11100","11100","11100","11100"
"GD4I37FLKBGFNMOYY7UXBQ67DLBCIB2OYBVGGWOZO7CEB3EBULGWXFJY","2","11.3924037","10511.3924037","11049.3924037","10511.3924037"
"GCVCKV35NHGBSYMD7CCQK7EVFWQWRQNNKVT25KBZUBSYBHXOH7ECLHI5","0","11034.640012","11034.640012","11034.640012","11034.640012"
"GD5MGLR5BHYGIDMNP32Y3GKTW2CHXP7Z7RNMUOLMPBLEX2X5YXYHM2MI","0","11026.9999969","11026.9999969","11026.9999969","11026.9999969"
"GC7MYJVYO3JPPRILGAOGG4YXTMOP3N4CXKLAXZQK6MGQ3A3S6IG3PE2D","0","11021.09","11021.09","11021.09","11021.09"
"GD7AF2KUAERV3H2PHCAIKN5I2B2HWWARKOZKM62YPQIPBO4JMXJAX3LP","0","11019.0152954","11019.0152954","11019.0152954","21019.0152954"
"GALIYJO2XK5QJZE7NSTBUUY3F3ZMFAKAJRLDZNMZ5D2PTR5R6AOA3B5D","0","11014.9999989","11014.9999989","11014.9999989","11014.9999989"
"GBWKKLLDHWK5VOK4W27T74E7CF4CMFL7SCHWZTBFI4IUCMH4YG7IOKEF","1","10009.8479075","10009.8479075","11009.8479075","10009.8479075"
"GBFC4TBT2NQHU6XRVUPCIMWMVDVSF7OAL7TZXYLIZRLVQGIYNXXS27PS","0","11004.9099979","11004.9099979","11004.9099979","11004.9099979"
"GA7KWQJZ3NRRGQOLVDY4G7MBL7UA7YOCGFWGGDOM7WYWU5LHWWK77VNR","0","11001.3780227","11001.3780227","11001.3780227","12501.3780227"
"GDQ7Q6CKXGYMZWNHDWN4DVZ63SOO4SU4OPX3OTOCBTTRCSTRZJDG3BHG","0","11001.004997","11001.004997","11001.004997","11001.004997"
"GDPD2PFM2Q2MHHSFMYLZAMGLRHAT233ISHQO5BK63JWBGMOB4727EMFS","0","11000.30233","11000.30233","11000.30233","11000.30233"
"GCHWQM5JNGBICZ5PZB4SOG6T47GYGAXHJN67LZMEXQ4OKA2TV2YO5S74","0","11000","11000","11000","11000"
"GBQH6SPJCHDW4JJEYSDLGTCAIYZLJP7ZLWT5M3PQUDPY6OOCWUCN4DDZ","0","10999.999997","10999.999997","10999.999997","10999.999997"
"GDR43IWRV4IOQCHK44K6A6XT4WEOKYELS5YGCJNQ3U3HTJ2XVVBHNNDH","0","10982.8378721","10982.8378721","10982.8378721","10982.8378721"
"GAO5LVVGOO3IGNZ57XU6767AHL5WCQGN46J67BBMEAOKD4PPIEXPLAFY","0","10777.4847671","10777.4847671","10777.4847671","10777.4847671"
"GCOH3K5VUGDQTDER5U4SMTL3JRQEUFDM4ZGFJZMO6LWVMHFBIG43EILU","0","10700.0000001","10700.0000001","10700.0000001","10700.0000001"
"GD6UBHC5CBZ4YSKSYUVELO262WOSBVMK7C4G3YCWHLSSQNXHGIA4GZFD","0","10662.1010111","10662.1010111","10662.1010111","10662.1010111"
"GAQVS7MNFYRTYRZSPBJPBNHOE3UCHPWULPEB4YXIEL4G7NVNRJOTNQ4R","0","10607.3769699","10607.3769699","10607.3769699","10607.3769699"
"GAA5HNREZTKV26S7DNMI2UIRBPGDOWZVMFROGTBG44QMY3T4Z4JN36MK","0","10591.8487842","10591.8487842","10591.8487842","10591.8487842"
"GBZTNZPKLDWSBWUXQFKN3S7JURMSGSJLEA67RP57G2R2K4NNHKAUVF7F","0","10526.3157895","10526.3157895","10526.3157895","10526.3157895"
"GBC4HL7Z56CN2TDFT2Q57QKOJQ54QJESCUNHOFENWX442JBHF6ID6LZF","0","10523.0655806","10523.0655806","10523.0655806","10523.0655806"
"GCJ47EWCAF4PPPEPAA6A642PTVJ2GZOG7J4PTBV4JDKXEHKFYDOX7JL6","0","10515.000001","10515.000001","10515.000001","10515.000001"
"GCHTG3JW6PHQDB7VLPZOY4YOGVLQY5ZLTX4T6UGPLRO5YNHOFMC3ACQD","0","10504.08","10504.08","10504.08","10504.08"
"GBGVGLGJYF5B7ALMNCY4PJ7U2FGZ472TKAQ555VOZ57AM3RMTYFDI7EI","1","10500.0099993","11000.0099993","10500.0099993","11000.0099993"
"GDEAJGPL3OT3GSGVMUCJOJHOTIBGH7H56E762UTRMYHUS2QBXVDNNFQN","0","10499.5642487","10499.5642487","10499.5642487","10499.5642487"
"GD7J67IJB4OZG5RCF3ZJZNOV3TYBLF7ZEBMKZA3NNNIIWCYTKLVNLZQC","0","10424.4606569","10424.4606569","10424.4606569","10424.4606569"
"GBJVFNHCXF5Y6CUUZELAVNKISAZJYHRWFEMH6MTBSWBYSWZ35KQL5K6O","0","10405.0060422","10405.0060422","10405.0060422","10405.0060422"
"GCB2TVD4ZMI4NX64P75F5PUYM6LG37LMHVZVE5TBENSP7IRRR4ZSARDU","0","10361.81","10361.81","10361.81","10361.81"
"GAMFJ5HHGDY5CF6EGCPS45FIDJSURLZYF4WYJGNKEFQ6OXH5ZF6HAFMX","0","10350.6967445","10350.6967445","10350.6967445","10350.6967445"
"GCTADYLAITADF4ADXOS6UTH4KH4QTRZJV7WXGDJTEJFYQRNCRDTHEWNG","0","10342.4984833","10342.4984833","10342.4984833","10342.4984833"
"GD4YCVQR75FQS6WPGZEW6WM3BFMVLPTEZOZLXHYY4NJOSZ253VXEO76A","0","10334.9300309","10334.9300309","10334.9300309","10334.9300309"
"GDJPLXHKNYJZ5OOUYMNZCPD7XNJYORJ5QU6ADN2V7V2SVKTBD3RBF2EL","0","10327.8181015","10327.8181015","10327.8181015","10327.8181015"
"GCVPVGE563GFNFYQCBV5XCIPQITPH3JE34YCAISV626PI5OMMRIIMUGE","0","10303.9739344","10303.9739344","10303.9739344","10303.9739344"
"GBXX767WKJQNEZ2TNHKCMDBYXJURXVNYZNAI5NE5OW6ZW7HDF3HB2LB6","0","10299.238405","10299.238405","10299.238405","10299.238405"
"GDHANKLUMSQGH76E6AFUAJBSYQZIWFELTG64ZZ6Y5MGBHLL6CHQY4ASU","0","10270","10270","10270","10270"
"GAOGEZIFVKYZSKRLJPMAXFQALNVVF2F57KIZ5FDJNDGCDTSUOML6TOKO","0","10224.15","10224.15","10224.15","10224.15"
"GCKMBL4RAE52BBQWIVNM4FU3AHZPCXQ3O7BXZ2MDSBHXGUMXAZC7DR6X","0","10219.5423824","10219.5423824","10219.5423824","10219.5423824"
"GAAOSKBBOKTNK6WQXJGTEWSKJCBECAVPGKHPEYITBN2VUY6MLJO5R3KP","0","10211.629996","10211.629996","10211.629996","10211.629996"
"GCXMBH2NWOQBTWMGTUS4FMJXFH3ZXEHOTTA52C6A6C6TE6HXPNXN4LLW","0","10205.84","10205.84","10205.84","10205.84"
"GAR3CQGOH5MHBTZK6BVGBB5QEZXMM5YH7JIYEGS2XEUUY62MSJIKGVGR","0","10200.6538101","10200.6538101","10200.6538101","10200.6538101"
"GDRHVR3J2C5GDYLIP4JIHMTASXQ6NKRK67IYL3SD3H5JZQJNV2LB7V2K","0","10200","10200","10200","10200"
"GD2I2U54PNEZYV7WNVLLXXGVMMD7FIWYJF3ZU2V3K7XAT4QKN7LOWFYY","2","10000","11000","10197.2744807","11000"
"GC6QPAMI6U5YJVACQDW2S3UPB4P7KPLLT63DFCZGYKCH522HSJSX4SIC","0","10185.7793066","10185.7793066","10185.7793066","10185.7793066"
"GBZR7R2ZHNFJR7UGYI2QEAJMWIAEPGQIEH6625HXSKRLPJTLXJPA66ZI","3","10184.8466428","40184.8466428","10184.8466428","39730.510672"
"GCNKIOLQ2DN6B3NQKQHR3KXHGKVRLH2EOHO6ZJUAM657HF3XVSQ6OEBA","0","10184.4747615","10184.4747615","10184.4747615","10184.4747615"
"GDPY35KQXQVXMCZSNGYJBGXRU4NKQLL56JPOAYCCA4RRLX3XHNFE4H6S","1","10154.563862","10777.563862","10154.563862","10777.563862"
"GATFUHDLUFZIICEHN6JGVH4EE6BGQUGB6PRMDNAOGQF2IUJCRHS556OP","0","10152.83","10152.83","10152.83","10152.83"
"GDZLYZ6KEBN7PWAXAMAY6WAE5LHULSRGZ52X6VDW5CQ2ALXXMMY3IFVV","0","10142.8873607","10142.8873607","10142.8873607","10142.8873607"
"GCAIW64U6BBRPAMFIPB64EIJ4W6XHQBQCNIE6WXWCSR4IUY7CSSHZSPG","1","10135.0000007","30135.0000007","10135.0000007","30135.0000007"
"GD6SRXH4BXMW7ANSW3PKXZNORKHRXQIGV7TYNK6DHSDB5ISC3M7FOQUU","0","10130","10130","10130","10130"
"GDTTX5KK5EHIFM6MOIKKVIHHVVXAKFR2QKPWDZHVPWSVCBFFWPBXTMWO","0","10123.6013346","10123.6013346","10123.6013346","10123.6013346"
"GDJJF2EDZQIPOQFEGWTGDXI3AM4DE7STPJHDHNRMRRLTGGIQGMG2EVJ7","0","10119.2978157","10119.2978157","10119.2978157","10119.2978157"
"GALHYFYS2UNY53QRKBCSBTS6MDVO263CC3GFZ3IUTXNXCW6IWOCRZ7I7","0","10111.2808231","10111.2808231","10111.2808231","10111.2808231"
"GAHA3YHHVTFNYGBFUZZYDWQB4MJVUO4WKETHF2OX2TIDMHO6BNJ7TIZW","0","10111","10111","10111","10111"
"GD7Q473VNP6VU3IWSXOHTCUZLS42DY3MDZDL3IVVHV3RPDLOD3VD6QOC","0","10109.5623753","10109.5623753","10109.5623753","10109.5623753"
"GD2EGHAO3MK7GFV6USQP7HTZVCLX246PIZGOC2QJCST5DGMF5LNJJUFD","0","10106.0155377","10106.0155377","10106.0155377","10106.0155377"
"GAQ62UO6D7XUIT5G6PLXAR6ELMILSZIORVVYQGII2YB5Z3I2XL37AIUO","0","10105.8594594","10105.8594594","10105.8594594","10105.8594594"
"GBHMUHSYTAIPHI4B5YZKCW7M77DQQPVL6LPI2VJTIGVG5H3Z5Z3XV677","0","10101.1446475","10101.1446475","10101.1446475","10101.1446475"
"GCXH6K5TVQMRAB5FHNNSB2QUMRIFFAYAUM4QJIMSTTY2LTQMFONQZI4X","1","10101.0201788","11101.0201788","10101.0201788","11101.0201788"
"GA4D22Y53KDQ247PYOSZZZ2ZAYVF4AIBE3SPXTBGCOO7NR5DYTO6YW65","0","10101.0000009","10101.0000009","10101.0000009","10101.0000009"
"GDLCPUA4RFGWCQROTFHBNAK7WFF6HRARSMHYAISD377TOQ7UYMR6WG6Q","0","10101","10101","10101","10101"
"GDBHDIPKXU47PHXZBMHUTMCBDTARVKYKKB6L4YUDAAKPVDLMNABYWKHI","0","10100.9999991","10100.9999991","10100.9999991","10100.9999991"
"GDKNUPWJPHCN53F3CC6DPEZGGWLADS6UPZNVIQZBY3SAS2ZOXT55WXJQ","0","10100","10100","10100","10100"
"GCZDJXVTZGKUFSOL6VNJY562XHQL7S2TVLWWAEDVWBZP7MS4536XUZNH","0","10100","10100","10100","10100"
"GBJ3NZR3RHG2OOJDZ5AMMJCVRLABTEAQIT6TMDE4N2TVGX7W4NPFVFPC","0","10099.999999","10099.999999","10099.999999","10099.999999"
"GBSWWI3LB557BVH4MU7CS6XOP3VRI72F6R57X5PJTAGPI775PQ4FMHDK","0","10099.9999984","10099.9999984","10099.9999984","10099.9999984"
"GDV5ADI24QCQNVZFPC2LGGSMUQJLTEBXZTMU4JN5VFB4VV4IX3OIPR5T","0","10099.7033571","10099.7033571","10099.7033571","10099.7033571"
"GCOAXL3JEK5OHI23XSS22DGCUSKKINQNHGR6HDTB6WS7CUPY2GNGZVWV","0","10099.08","10099.08","10099.08","10099.08"
"GDIPSRNNIULHT6Z2JRXSONG54MS3YFWO3EIPW3PRUTR25CHLPUU7KWLO","0","10094.3460261","10094.3460261","10094.3460261","10094.3460261"
"GAVTHD4NQLIYJE24GXI6U2UNJ2K3IMAKCOIWVFG4Q2SPFCHWF4GD4FID","0","10093.4689406","10093.4689406","10093.4689406","10093.4689406"
"GDZFQXCE5IWJGAYVCOSQSYKEM66JRIWMCUQYMKUYKWDCQVE3HB6EYLP3","0","10092.746478","10092.746478","10092.746478","10092.746478"
"GAA77FZZNNDO3JNRXKJTMTXKHG7MCFD3HQVWU2ZNQ54ILUVYXVO7GSWT","0","10090","10090","10090","10090"
"GDZXQ4SBT6KNSBPHCWSAWLNC6YTVZK4QFZFMJ7VGFZLP4V5FJYGRFFSP","1","10086.9593615","70086.9593615","10086.9593615","70086.9593615"
"GBAWWZWS6CPUZ5346P5UW3IHXL7Y6L76JOXOL7UY3B7T2HKWCDPWZP24","0","10086.8444374","10086.8444374","10086.8444374","10086.8444374"
"GBZTRDZCPDI774LJVT55N76RNOWQCXJ2CPFO52LQHR2HR2XNICR2X4J6","0","10084.9999997","10084.9999997","10084.9999997","10084.9999997"
"GAAG35MAGWK7ZOM2OGQZKIG2GBHPFGW67MXJP6BDYEMX563ZUMFQ4P5O","0","10077.6776468","10077.6776468","10077.6776468","10077.6776468"
"GDMRDQ3OB5GWU3MGO2NZQRX4S2Y77NISZTQQ7FPQ46C2AZFIHBTMJ42C","0","10070","10070","10070","10070"
"GDYMP3PL6I4ZBZUBVBZE6KDJIBF7L5J3Z6UNPBK2RNKYJ65FLJPX3UAZ","0","10069.4168053","10069.4168053","10069.4168053","10069.4168053"
"GDFLGIW6Y6CKVYCROVVCGU6MRF2B7I5WGTMW3PB54X6YZIPOKUTLAGFP","0","10061.18","10061.18","10061.18","10061.18"
"GCVDI7SCIZUZLYH3M2DT3WX24SQKYXH4DCMMOAJ5VTAUR2P56PUDVQGT","0","10051.717275","10051.717275","10051.717275","10051.717275"
"GALHA4OVKNZ555C7VJFIXVXM4F2R7PPJNO7IZHIYE2SMKFYY5U7V254G","0","10050.94","10050.94","10050.94","10050.94"
"GB3N4UTHZW2FCODCYVQZBGJQRJHJYY3E6L6D4KADMSR76E7BAR7IYIP2","0","10050.7245904","10050.7245904","10050.7245904","10050.7245904"
"GC6FP524VFYCOPFXAIW2LRXHTZHIH5HKZYJWCY2BI5NOBWANDLXHELLO","0","10048.8127099","10048.8127099","10048.8127099","10048.8127099"
"GCXBYTOXOOSRXRHHGM2PCMGWRRJ5N7QZOGUTGSQG4KJZ2SA2CFTBPSVA","1","10048.50432","10548.50432","10048.50432","10548.50432"
"GCMIF6JIQQDA5PQ3VFED3PMRG6WNGV6KCHKCQC67UAORGNKKIFXMMES2","0","10045.0468539","10045.0468539","10045.0468539","10045.0468539"
"GADOZJ4BRD53VPHLGHRQIVF5RRZ2BNAA6DTDYJZSMXH3G2ULTPIJULVD","0","10041.2401731","10041.2401731","10041.2401731","10041.2401731"
"GAVFABXVQBDRQNZ4MWEITGCZV6DAVWKBRBGNST54J3XVJFBZCOM53KAA","0","10038.7590386","10038.7590386","10038.7590386","10038.7590386"
"GAZ6ODHP4LYXD2XP2F2QUHX4XACVSMQH5UE56GHKBEBQM5QHKVT42FY2","0","10034.46","10034.46","10034.46","10034.46"
"GDO7WBGZVYQJU2PK27VLMSYHSP44CGLOUIZA6MAXOIQMY62UIBGW3DVK","0","10033.5204102","10033.5204102","10033.5204102","10033.5204102"
"GDI65M3MFMGLWN7SMMRDVAFP3TQSBPIR7GYANFC4LHT2ACZQTLW7CFKR","0","10032.5937739","10032.5937739","10032.5937739","10032.5937739"
"GALOAIIJ4HYQTUBQB6W6ZNPMXNZ27RKRJN65Z2OIWGXWMVSJ42EZ3JXX","0","10030.0140155","10030.0140155","10030.0140155","10030.0140155"
"GC243FNBYGJ3CG57TJB2LJBQJ5DLBLCEOSXF7LXGRBV22FKP357HWFTE","0","10029.23","10029.23","10029.23","10029.23"
"GBKJOZLBPT22BI6PRO2XY5GZ3V2FSEPN7OV4FCF643Z4NFOMKQMQQ4N5","1","10025.4499923","10266.636547","10025.4499923","10266.636547"
"GCR4RR2XLIVT43QR37KWZW6SLO43NV5WASYU7UDAVGMU4LMBQNBMJKJ2","0","10024.706114","10024.706114","10024.706114","10024.706114"
"GBWE4VHN2NRZJPNEON4FZGE6734MAFIEDQEKXKHDSQ2EZ5GFD7PLCIRK","0","10022.07952","10022.07952","10022.07952","10022.07952"
"GDN3Q4JUBAR53GXFZ4RYDXBASPH37Q24QV2X6M4YMLSVGH2UPP7FUQZE","0","10021.41","10021.41","10021.41","10021.41"
"GBTFTPBJRX7UU3PMYSGCD6G35TV4STECTYOWIPX3MNSVOY3IZKJUVSTC","0","10021.3800018","10021.3800018","10021.3800018","10021.3800018"
"GCBV362WIPX3EUHT4JTF24TTDI34I4BSJHAW2QKXNU2EYOQLQV2PAC7C","2","10020.9978368","10533.8791328","10020.9978368","10533.8791328"
"GCTPLCSOKHJ5PLX7TSZWOPATSJLWTNN3UWZVLAAZKJPTC7VI6BFYEHHM","0","10020.7551057","10020.7551057","10020.7551057","10020.7551057"
"GBOLYUMAGUJVSN2DSWJYAKCUSWCJYM7I6HYOPQF5KOHNG5YQG7UVDV4Q","0","10020.5192618","10020.5192618","10020.5192618","10020.5192618"
"GCYX3VP4NYRGS7RGAP2VCUI2KITRYRERYFH53IWEQGKNQ5UB7OEH2AXF","0","10020.2590892","10020.2590892","10020.2590892","10020.2590892"
"GDY3KSBWFHLKDCH6NHUZCS6A2JSSXDNPK54LWSIDWJREYHYFT5NI3A27","0","10020.0511072","10020.0511072","10020.0511072","10020.0511072"
"GCTIEAEVRUPJBLXCQOQYBXWYWXGKT4H3MKZQVTIERFFUGEMUW5MFHSD2","0","10020","10020","10020","10020"
"GB6VUIOEH6CGY7JEKPYK3UPOTEIDCVBASLBPRN5BYC3V5N5MHX6UNOQC","1","10016.5799072","10516.5799072","10016.5799072","10516.5799072"
"GCZ5MTVTQTMYU3RQQCUT2DQ3QNMSNVGWP2YZHIJRERFEQLQA33YKBB64","2","10015.8637","10923.5691317","10015.8637","10923.5691317"
"GDYE3DMQZ4FMWAFVI2IMVUEKMVEDE6W3CWQVPRQD33G6C2IVF4WVJA7X","0","10013.45","10013.45","10013.45","10013.45"
"GCCRZ3IAZBMFNCK5TPIJQ2TKFOQM35TZ5FOA45ZDDEDQO5LKHQHBAG56","0","10013.0502772","10013.0502772","10013.0502772","10013.0502772"
"GA2D3WNHI5274YBOLA7OPOLCYEIDYJI3COBAPIIZM3WAIW3EZ4N7OV46","1","10012.6779766","10020.6304347","10012.6779766","10020.6304347"
"GAATOD3UKJ4MDV2FWKOIA7Z2CDDK2KZX32GCFOOC4CLMAGUDSWGZT7EI","0","10011.8426658","10011.8426658","10011.8426658","10011.8426658"
"GB33KFOU4ITGXT2RMX55OCLMJHDS7VY2H6SPY4SK36TMAHYIKSAG2G42","0","10010.703817","10010.703817","10010.703817","10010.703817"
"GCM4ZZM5GWW6YB7EIW5UTUYWAGZJ32VBVMHFN5UAW4TB5XQGL6QSQ6FF","0","10010","10010","10010","10010"
"GBBK4SNDBJOFPQCRFDGPYXU67IFHNC7OUCFQBCFRVJ4FWR5D2JZRAZKE","0","10010","10010","10010","10010"
"GAIDS2O2L5LFAIOI7JYKQQBMDPXF63FVSUK52DZWB5YK2H7V3HMRKMNA","0","10010","10010","10010","10010"
"GBR7XZ7XFNY34WSPYTOAPLXTYV7J2GGI3KN5CA5PNOBCVMD2QCYCPCLF","0","10010","10010","10010","10010"
"GC5BIFUM7CDJYNIRLEKGOMBH62TNZVECKIUNXKKLWOJPB3ZPEANDLPIR","2","10007.6799979","10007.6799979","10007.6799979","10007.6799979"
"GCWFLXNWMBRYFIAB4M5OACZEYT4HSQCOVSG5XKFRVDUOCWOMH6PGQUPH","0","10006.4892018","10006.4892018","10006.4892018","10006.4892018"
"GDJSGSCENG6KWF3TP64KHQM3ZR5TRL3U5L4AMNWGV5X4UP5BMFYQZ4QG","0","10006.32","10006.32","10006.32","10006.32"
"GCE33B7SHA73NWGCJ7TUYC2RVBOSKPNTVYHIHX6SL7676KMQCNTFBHSW","0","10004.7405622","10004.7405622","10004.7405622","10004.7405622"
"GA7MERVHZ7AWASFEEZMCNFBXJB6YPE2F7N55PGOMFIWFFRLQCC6H2D4K","0","10004.48","10004.48","10004.48","10004.48"
"GDGR3PQXULUY5ZDC4GEJMLQZU7ZVSLFEWZBGSYJOVVHERWJ6ICOPG75H","0","10003.0403525","10003.0403525","10003.0403525","10003.0403525"
"GCRXHEJCLQAFSVLORGVWVKM5IUIX4PSJTQWPQ5L7OAYFBUP6NLFFILIP","0","10003","10003","10003","10003"
"GBJMHB7HQWA2CAEUHAFWFRMD2PJXZ5AIYNFMFF23OVS4DEFERLRZ5YPY","0","10002.24","10002.24","10002.24","10002.24"
"GBHAVE3UZIMBHC2WAEPSFPI4AY5PWE2YHSQLDVTXL7ZXMFCI5N42PZFQ","0","10002.0553256","10002.0553256","10002.0553256","10002.0553256"
"GCP6RUL3UO5LIAGJWE732WRI4HPQS7VJH4G42WAX5ZZARJ3GOVP2KCTD","0","10002","10002","10002","10002"
"GBFA5ZXUVHSFAU6GVE5ULSPVYDSYVT3K3POQWY5JSEHR76WZQEQMN4JV","0","10001.9999997","10001.9999997","10001.9999997","10001.9999997"
"GC3BHVPGLXGTEQOGRMKCOXFTTLSZLIE2KUU6SQXA7AKC73JRRAI4QQDH","0","10001.5453226","10001.5453226","10001.5453226","10001.5453226"
"GAVM246J7R32P42BRMUQYAA6R4PKYKOZJVRONFDZZAESFECXT7GE62OB","0","10001.5041577","10001.5041577","10001.5041577","10001.5041577"
"GBLBA55NMCZ3KYHMSBGFHWXWXYKOOWRGCABXQT2UPBBZP77U35P2756D","0","10001.4334916","10001.4334916","10001.4334916","10001.4334916"
"GCZOU3GET4HQKP3TMPYSJEFKMD4V2LRIITX4U3R7TDD7FCUZXUEF7XXL","0","10001.2703324","10001.2703324","10001.2703324","10001.2703324"
"GBFNL4XSTGW4MMRYDDLQ6ANYH2LQBUGUEXR6SBTWBJRU7HY3VRHQ4OAZ","0","10001.2407077","10001.2407077","10001.2407077","10001.2407077"
"GDJISTJVAUXSIU66MZ6TXTDFBF3S4H5TLLMLNPQJ5NWKBA5TIDRUZ6UP","0","10001.0000013","10001.0000013","10001.0000013","10001.0000013"
"GA6HTCKSQUGTQMR3SAVSDGXLXWWLZCRWU4Z7JNFLN2E3T636W7DUFBVL","0","10001","10001","10001","10001"
"GDB62QHG62AKDP27YV7CABRD7LV2SQACF4RZXB54FSSRLEFA6O7LFNZK","0","10001","10001","10001","10001"
"GDM6C2AWOWGA53G4SOXMJAVMGNBOOLKXB4MDYQB3HG4RVRYFWIGAD25V","0","10001","10001","10001","10001"
"GAN34WXDXEN2OAXF3ZGZSKXVCFRV5R4S53PKBH6O7JZKKLAAFRR2ZXME","0","10001","10001","10001","10001"
"GAQUKAQBVSUJYKFUPLFE4PLQKEUIUFHSHJTZXR75JJTY3MBEWOOPA3VH","0","10001","10001","10001","10001"
"GCT4UMDIIBY5B66P7YGR3L4KVFUE3RVWFVKWFH7KKGVJJ2GLEISOVFMZ","0","10001","10001","10001","10001"
"GCD4X2B32ODS3DIBA5FXGOOK6QADM7U6FMRULQYIKLTAFSM2OSXJOPMY","0","10001","10001","10001","10001"
"GDO6IU33MS4JM6UG42RQTMNBHPPZFWMY4X55NEZP5UQ5GWWQ5OYUNRVO","0","10001","10001","10001","10001"
"GBAX35UVF5PYXMF57FXUOP3T2AUIKLYD4MRPLMFUJHCASGCKVTE3FDLI","0","10001","10001","10001","10001"
"GBZKQVFZ4JQETZQLN2XFWFWR4ZMWMTVPUP5OTS2HHM2QHSDSIA66ZJQK","0","10001","10001","10001","10001"
"GBOE53IGSYLNZYQNXH5GP63QKKTCWM73BKBI7AUGKOYIGGHVKERGLRJT","0","10001","10001","10001","10001"
"GAPUEWHCZTNBKK442V735Q6GXGTCBWCAOITDXLADQCMH3P4O7DRSKQ2C","0","10001","10001","10001","10001"
"GCYJ23QBLK5O3ISFHKB7Q4K2SLIJMV6R2XJGN6IEURKXTVBOJ3T7232X","1","10001","10002","10001","10002"
"GA6YBVJKE4ZU465OUPGNZASAKU5NSJDLLY6KKHNGIQFXV67IPZNPIEBR","0","10001","10001","10001","10001"
"GDMGXHTMJM7YERZ4N6V7MFZ4X3NB264MSDEBM6CB4OSRZJ4ZLFZN7S5R","0","10000.9999992","10000.9999992","10000.9999992","102637.2341706"
"GATTOAYTOBV7PS23GUWG4Y6GXFGPBTMV3Q6F4YJH477FIAOLXMEUSGFS","1","10000.9999972","11000.9999972","10000.9999972","11000.9999972"
"GDWY2RABEZL35OE7GNDS67ILGXAGDXYPBYY5UAJHTM7CSMPDN7DQ6EJK","0","10000.7600021","10000.7600021","10000.7600021","10000.7600021"
"GBHQKSA3CFXOQ5ZXMKYLQQBRE6GKCLL4F4TU6LG4NIZQMNTBQ2RJCQ6Z","0","10000.3210248","10000.3210248","10000.3210248","10000.3210248"
"GA7IQXM7NVWUBEVPOVWVJDO5H25FHOLXBUI3IXKRJ6SH42LIOMTDDGWB","0","10000.0524177","10000.0524177","10000.0524177","10000.0524177"
"GCQZLRU6FA7YFBOAM7NHIAT2DKCAAWYGHMNFTC6CHFLBGOUZL4LIT6AP","0","10000.0000045","10000.0000045","10000.0000045","10000.0000045"
"GDKEXMCPYWYSFWRM4LOOK6PRALFCCN6XOFW2WQQ6TWM6MV6R4CPM6R6Z","0","10000.0000028","10000.0000028","10000.0000028","10000.0000028"
"GC4UCWDXT63KOMYGJTXIKB7OZDFE4PFJWV5C7IF7DVSJH6WWEMIIQPUS","0","10000.0000018","10000.0000018","10000.0000018","10000.0000018"
"GBZBMCEQVB63L54QFU2K57EN7IAKJBY3E2LKZ4I2YTRZV7P5EPFJNMML","0","10000","10000","10000","10000"
"GCMEZ27AQRQWG2QVKDJ2CMQA76CN3DZI6GUUDJ7ZHLILKVC4KTC7ZYA3","0","10000","10000","10000","10000"
"GC6PBYINNJ3YWACEZWZ44XZWNXM7SKAL3ULRNTW6IKOTYALRRHYGND4Z","0","10000","10000","10000","10000"
"GANOQO57PPPBV3S3MN2VVGUMBJNIDVDF3JFUH2LUQWBXLUT7FSMLOUW2","0","10000","10000","10000","10000"
"GAMV3OZYA757NFHXAVZKMRXBW37P5LC5E7DGCULKU42YTUCSTLWHULHF","0","10000","10000","10000","10000"
"GBLOTFHKYPPUYA4OCAJ432NXVPOSIMFUTJISEKM6EAOTOWJFMMVARCH2","0","10000","10000","10000","10000"
"GBEYG53S4QH23VBTQA7NMUSOYZ3LITDWMLZ4WUBZ2FVFFAB4LYXS7Y4V","0","10000","10000","10000","10000"
"GCOL7DWFCSGC3SI7VEYQ33KO523NTDH7BAJMYUUPBGKDPJIXXRVEB5VV","0","10000","10000","10000","10000"
"GBUA26I57KSJFYWQN6ZTXI5A3IPRXYPBOY2WW377CXAVNO56DESHENXX","0","10000","10000","10000","10000"
"GDABKPMNNIGN7KH2GYQW4KLT3NUOA2ROJDX6OCPXTCX5M755J47OLY3A","0","10000","10000","10000","10000"
"GASSUWN5JMLVAU36XXMNOUYRQJAQAHTLYSOF72PI3NY547AGJTTTCXGU","0","10000","10000","10000","10000"
"GCSJIU3ILXFRIE2YAEQEJM47W7PVWWYXESBAFOCRVWU4QUPCPKUCYUI5","0","10000","10000","10000","10000"
"GB7SCCRURM56LRHOK2GQY3TUVFLY5ZPAOLTPIF4VN4PSEFCHYRHWHFF7","0","10000","10000","10000","10000"
"GCRZOYCGQEVELISPOMMG2KYF3CJJWWLQJNZ6TGHRX2KRTKCWNCNIUSDT","0","10000","10000","10000","10000"
"GCPPUNKTGT6C5W64YTRJOLCXKWWN37KXGOC5Z7JYGAKIQRPMTJVDMARI","0","10000","10000","10000","10000"
"GBCKKM7METZOYLI3WCIHROOGZNZGNUXOOCYOVVLUNNNSBI6SXRP5HPX5","0","10000","10000","10000","10000"
"GAM7WBUFD56NCXN4PGWIMRPJPF56PKBXRFRBSBQ6HTPLVCQSYXCRZE4N","0","10000","10000","10000","10000"
"GAJOCBA6OVBKTLFF3DDW5P5BZKH5SVSK22XVFUZK2HOIIQHDX7AJ6B4C","1","10000","20000","10000","20000"
"GDNICT5A6U6OHM263B6YDY6BQCBPWA7UV5Z5MGFW2RQIRXBQKD3RUV7S","0","10000","10000","10000","10000"
"GDPOVMDIOBTERD4OCMEZUIXL3G4D526TD5JEPC2T5YP73EXBEJEGGMVE","0","10000","10000","10000","10000"
"GBR775KWTXI7YSM5VC77OV3YDNYD4TI5BDZ2L5IP3WSZBENKKIC3OIHM","1","10000","10500","10000","10500"
"GAHOT2ORNGWHZYAI7TCNVNYTKNZ6BPNNASHBWF4SV7PWBWWQPGV5TODY","0","10000","10000","10000","10000"
"GAEPKFZ2PHSYO47JKNP7EZJ32LJJRMUZDR3RSDWNTXUJO4YTKQPBLFE3","0","10000","10000","10000","10000"
"GANELZNCDKJFKF6KXEFGWYQLBP3XAQXLL6JVFBY5MFBXL7BXQ2GMOH5P","0","10000","10000","10000","10000"
"GCKSTCVNDW42ILDUMDMROYTPO6DSWNQAXQRDEGURDB32MDFCOZK3RADT","0","10000","10000","10000","10000"
"GBA35BAMDEIE54ZNZOYXNWZGH7A4UYOAGQ6YY2PLZILHE2IIUYAMVLPF","0","10000","10000","10000","10000"
"GCKZJ7VUXXHVPLFBTS5Z4T7RI2PXJO5NOBLJBKNSC57T5HKRLXN4KW3X","0","10000","10000","10000","10000"
